WKT,id,nation,cntryname,source,target,clength
"MULTILINESTRING ((13.3828042 49.7456203,14.4731972 48.9710392))",1,0,Czech republic,1,2,116852.726
"MULTILINESTRING ((14.4731972 48.9710392,15.4372475 49.0737028))",2,0,Czech republic,2,3,71217.897
"MULTILINESTRING ((14.4731972 48.9710392,15.4372475 49.0737028))",3,0,Czech republic,2,3,71217.897
"MULTILINESTRING ((13.3828042 49.7456203,15.4372475 49.0737028))",4,0,Czech republic,1,3,166352.391
"MULTILINESTRING ((13.3828042 49.7456203,15.4372475 49.0737028))",5,0,Czech republic,1,3,166352.391
"MULTILINESTRING ((15.4372475 49.0737028,15.4372475 49.0737028))",6,0,Czech republic,3,3,1