WKT,id,nation,cntryname,source,target,clength,
"MULTILINESTRING ((48.971039 14.473197,49.073704 15.437247))",3,0,,1,2,1076.804321,
"MULTILINESTRING ((49.745621 13.382804,48.971039 14.473197))",1,0,,0,1,3241.864014,
