WKT,id,nation,cntryname,source,target,clength
"MULTILINESTRING ((49.745621 13.382804,48.971039 14.473197))",1,0,,1,2,116852.703
"MULTILINESTRING ((49.745621 13.382804,48.971039 14.473197))",2,0,,3,2,71217.930
