WKT,id,nation,cntryname,source,target,clength,
"MULTILINESTRING ((49.745621 13.382804,48.971039 14.473197))",0,0,,1,2,6008.084,
"MULTILINESTRING ((49.745621 13.382804,49.073704 15.437247))",0,0,,1,3,7984.989,
