WKT,id,nation,cntryname,source,target,clength,
"MULTILINESTRING ((49.745621 0.000000,49.073704 0.000000))",0,0,,1,3,4280.857,
"MULTILINESTRING ((49.745621 0.000000,48.971039 0.000000))",0,0,,1,2,4934.947,
