WKT,id,sname
POINT (13.3828042 49.7456203),1,Plzen
POINT (13.3828042 55.7456203),1,Plzen mesto
POINT (14.4731972 48.9710392),2,Ceske Budejovice
POINT (15.4372475 49.0737028),3,Dacice
POINT (15.4372475 49.0737028),3,Dacice